CONTRA,RED
504,37
479,41
496,41
459,47
456,50
497,50
441,53
379,54
374,55
453,56
389,57
393,58
428,58
328,59
359,59
471,59
346,61
398,61
438,61
331,63
363,63
369,63
407,64
322,65
372,65
432,66
443,66
457,66
352,67
385,67
431,68
321,69
422,69
463,69
303,70
396,70
351,71
417,71
439,71
349,72
402,72
345,73
372,73
316,74
328,74
427,74
431,74
472,74
297,75
308,75
320,75
383,75
334,76
342,76
442,76
455,76
256,77
481,77
277,78
340,78
391,78
249,79
382,79
472,79
424,80
303,82
331,82
368,82
473,82
477,82
337,83
343,83
430,83
486,83
502,83
257,84
452,84
467,84
471,84
265,85
286,85
347,85
400,85
412,85
437,85
247,86
262,86
273,86
284,86
313,86
334,86
386,86
419,86
451,87
458,87
220,88
265,88
277,89
283,90
290,90
307,90
310,90
413,90
246,91
361,91
460,91
267,92
270,92
230,93
289,93
307,93
383,93
395,93
432,93
253,94
275,94
360,94
455,94
233,95
248,95
356,95
482,95
492,95
275,96
376,96
406,96
430,97
452,97
225,98
267,98
288,98
296,98
324,98
507,98
274,99
279,99
381,99
498,99
238,100
299,100
250,101
330,101
458,101
479,101
326,102
387,102
398,102
436,102
483,102
197,103
285,103
390,103
424,103
445,103
470,103
502,103
510,103
672,103
211,104
233,104
340,104
442,104
205,105
365,105
383,105
210,106
214,106
329,106
244,107
473,107
657,107
206,108
335,108
399,108
462,108
651,108
364,109
408,109
419,109
451,109
619,109
279,110
307,110
347,110
358,110
377,110
260,111
276,111
437,111
484,111
224,112
300,112
336,112
394,112
442,112
453,112
491,112
210,113
249,113
401,113
458,113
496,113
509,113
643,113
237,114
267,114
279,114
305,114
198,115
206,115
337,115
353,115
431,115
473,115
480,115
494,115
505,115
251,116
283,116
422,116
502,116
186,117
319,117
344,117
411,117
466,117
484,117
164,118
303,118
365,118
390,118
402,118
453,118
386,119
291,121
391,121
465,121
219,122
236,122
277,122
335,122
352,122
206,123
211,123
427,123
479,123
493,123
148,124
286,124
329,124
342,124
378,124
385,124
402,124
409,124
431,124
632,124
140,125
281,125
323,125
301,126
360,126
365,126
463,126
281,127
460,127
493,127
647,127
679,127
162,128
196,128
233,128
485,128
505,128
688,128
707,128
425,129
118,130
178,130
200,130
216,130
255,130
324,130
328,130
402,130
341,131
367,131
382,131
441,131
463,131
491,131
680,131
709,131
187,132
646,132
190,133
208,133
451,133
342,134
374,134
423,134
296,135
302,135
334,135
397,135
239,136
405,136
444,136
451,136
455,136
470,136
475,136
490,136
633,136
151,137
172,137
217,137
276,137
305,137
670,137
692,137
206,138
283,138
328,138
365,138
371,138
442,138
473,138
486,138
639,138
160,139
338,139
358,139
432,139
463,139
477,139
629,139
118,140
258,140
389,140
499,140
302,141
318,141
349,141
386,141
395,141
495,141
506,141
622,141
162,142
186,142
277,142
352,142
416,142
448,142
671,142
322,143
429,143
434,143
487,143
139,144
216,144
230,144
361,144
449,144
122,145
328,145
332,145
460,145
465,145
496,145
647,145
298,146
480,146
513,146
627,146
640,146
669,146
199,147
636,147
195,148
226,148
306,148
408,148
115,149
218,149
261,149
456,149
497,149
203,150
428,150
459,150
490,150
475,151
479,151
623,151
143,152
196,152
210,152
254,152
260,152
303,152
348,152
439,152
507,152
701,152
135,153
182,153
341,153
402,153
133,154
207,154
322,154
351,154
424,154
609,154
617,154
623,154
644,154
141,155
273,155
340,155
358,155
370,155
396,155
457,155
463,155
501,155
652,155
199,156
373,156
377,156
494,156
122,157
353,157
670,157
204,158
437,158
454,158
483,158
662,158
127,159
167,159
175,159
184,159
189,159
229,159
501,159
623,159
213,160
302,160
314,160
319,160
388,160
421,160
180,161
489,161
494,161
647,161
189,162
335,162
375,162
622,162
348,163
432,163
476,163
481,163
508,163
657,163
276,164
602,164
606,164
723,164
167,165
204,165
256,165
311,165
329,165
357,165
385,165
506,165
676,165
291,166
408,166
635,166
747,166
750,166
401,167
416,167
499,167
601,167
339,168
371,168
494,168
509,168
595,168
685,168
175,169
329,169
366,169
379,169
389,169
474,169
719,169
385,170
453,170
466,170
484,170
648,170
147,171
155,171
195,171
598,171
628,171
638,171
705,171
711,171
184,172
275,172
285,172
423,172
446,172
607,172
632,172
662,172
697,172
397,173
404,173
428,173
672,173
678,173
141,174
191,174
230,174
263,174
271,174
458,174
200,175
298,175
345,175
378,175
394,175
416,175
470,175
492,175
591,175
644,175
434,176
498,176
503,176
694,176
383,177
450,177
657,177
715,177
131,178
217,178
279,178
359,178
366,178
508,178
513,178
150,179
190,179
268,179
356,179
377,179
388,179
421,179
431,179
483,179
600,179
631,179
731,179
181,180
291,180
327,180
342,180
346,180
372,180
617,180
646,180
231,181
235,181
493,181
656,181
766,181
154,182
367,182
412,182
452,182
144,183
163,183
315,183
491,183
718,183
258,184
289,184
337,184
457,184
472,184
499,184
511,184
595,184
621,184
663,184
359,185
587,185
387,186
464,186
612,186
320,187
382,187
504,187
515,187
579,187
600,187
629,187
216,188
260,188
279,188
428,188
481,188
496,188
208,189
141,190
255,190
294,190
411,190
576,190
603,190
611,190
230,191
287,191
447,191
461,191
489,191
609,191
618,191
705,191
710,191
183,192
307,192
399,192
418,192
742,192
212,193
239,193
340,193
455,193
647,193
262,194
292,194
344,194
441,194
451,194
144,195
222,195
392,195
427,195
489,195
497,195
572,195
578,195
209,196
296,196
321,196
422,196
439,196
382,197
411,197
453,197
464,197
608,197
687,197
139,198
148,198
346,198
398,198
427,198
433,198
475,198
667,198
694,198
308,199
358,199
375,199
577,199
708,199
456,200
465,200
469,200
482,200
574,200
593,200
607,200
643,200
732,200
258,201
433,201
436,201
453,201
460,201
502,201
636,201
658,201
266,202
366,202
442,202
566,202
574,202
171,203
324,203
329,203
491,203
589,203
662,203
691,203
701,203
225,204
291,204
475,204
486,204
498,204
581,204
671,204
688,204
713,204
147,205
211,205
340,205
413,205
645,205
174,206
218,206
422,206
620,206
143,207
269,207
448,207
493,207
601,207
341,208
410,208
566,208
257,209
317,209
337,209
612,209
632,209
661,209
683,209
774,209
143,210
198,210
265,210
313,210
374,210
381,210
586,210
651,210
670,210
162,211
235,211
457,211
461,211
595,211
624,211
665,211
323,212
442,212
474,212
557,212
152,213
365,213
400,213
422,213
571,213
661,213
681,213
350,214
413,214
435,214
487,214
229,215
310,215
382,215
387,215
568,215
169,216
250,216
355,216
445,216
453,216
496,216
619,216
225,217
394,217
625,217
653,217
676,217
697,217
199,218
210,218
218,218
326,218
410,218
477,218
565,218
570,218
587,218
598,218
724,218
235,219
429,219
536,219
577,219
642,219
155,220
181,220
556,220
345,221
365,221
631,221
668,221
677,221
749,221
407,222
592,222
595,222
613,222
646,222
148,223
261,223
332,223
426,223
466,223
474,223
490,223
524,223
628,223
653,223
215,224
250,224
297,224
321,224
338,224
598,224
153,225
161,225
384,225
446,225
482,225
638,225
680,225
724,225
227,226
249,226
285,226
362,226
376,226
440,226
498,226
565,226
583,226
610,226
187,227
291,227
408,227
416,227
496,227
525,227
552,227
701,227
208,228
303,228
356,228
530,228
575,228
579,228
624,228
710,228
213,229
368,229
487,229
507,229
652,229
669,229
687,229
222,230
318,230
322,230
430,230
444,230
522,230
606,230
626,230
732,230
760,230
235,231
275,231
398,231
529,231
531,231
312,232
367,232
471,232
615,232
771,232
154,233
202,233
209,233
411,233
417,233
550,233
567,233
648,233
673,233
748,233
273,234
562,234
578,234
586,234
223,235
317,235
371,235
439,235
444,235
522,235
168,236
255,236
306,236
336,236
363,236
457,236
498,236
161,237
386,237
393,237
484,237
525,237
611,237
282,238
346,238
413,238
482,238
548,238
618,238
362,239
385,239
555,239
593,239
638,239
737,239
374,240
433,240
521,240
191,241
201,241
276,241
324,241
355,241
443,241
468,241
530,241
600,241
607,241
682,241
304,242
405,242
475,242
517,242
661,242
165,243
346,243
458,243
485,243
494,243
507,243
569,243
572,243
583,243
604,243
423,244
588,244
708,244
760,244
296,245
336,245
385,245
471,245
539,245
545,245
567,245
615,245
479,246
512,246
654,246
713,246
721,246
198,247
344,247
405,247
444,247
457,247
476,247
484,247
641,247
677,247
729,247
380,248
557,248
615,248
222,249
270,249
516,249
716,249
268,250
316,250
362,250
449,250
543,250
569,250
605,250
683,250
468,251
478,251
586,251
625,251
651,251
161,252
248,252
312,252
388,252
435,252
531,252
537,252
556,252
564,252
581,252
209,253
306,253
523,253
561,253
648,253
257,254
353,254
382,254
408,254
464,254
493,254
591,254
816,254
236,255
338,255
345,255
411,255
439,255
509,255
528,255
824,255
417,256
490,256
506,256
666,256
331,257
424,257
426,257
443,257
521,257
564,257
593,257
598,257
629,257
646,257
685,257
705,257
263,258
438,258
454,258
677,258
770,258
230,259
297,259
301,259
452,259
532,259
568,259
572,259
598,259
241,260
448,260
500,260
517,260
529,260
190,261
199,261
325,261
368,261
375,261
381,261
579,261
235,262
399,262
435,262
624,262
630,262
659,262
675,262
739,262
172,263
282,263
413,263
504,263
550,263
565,263
650,263
185,264
265,264
271,264
525,264
744,264
246,265
304,265
352,265
473,265
557,265
614,265
205,266
315,266
411,266
439,266
532,266
602,266
173,267
182,267
361,267
452,267
481,267
500,267
580,267
590,267
604,267
249,268
421,268
428,268
523,268
537,268
189,269
235,269
299,269
303,269
436,269
444,269
646,269
215,270
275,270
325,270
358,270
417,270
461,270
538,270
588,270
658,270
715,270
719,270
745,270
239,271
343,271
350,271
405,271
544,271
629,271
726,271
249,272
353,272
394,272
464,272
602,272
692,272
331,273
505,273
550,273
620,273
625,273
651,273
705,273
206,274
259,274
304,274
444,274
223,275
242,275
384,275
457,275
556,275
577,275
607,275
213,276
380,276
518,276
669,276
687,276
791,276
329,277
433,277
494,277
507,277
542,277
595,277
647,277
772,277
254,278
272,278
386,278
475,278
487,278
552,278
656,278
722,278
763,278
400,279
432,279
448,279
466,279
517,279
526,279
591,279
619,279
703,279
317,280
333,280
493,280
502,280
530,280
556,280
578,280
733,280
200,281
324,281
346,281
362,281
459,281
614,281
217,282
228,282
409,282
445,282
488,282
535,282
560,282
314,283
356,283
471,283
587,283
620,283
395,284
624,284
282,285
324,285
658,285
715,285
209,286
412,286
421,286
674,286
696,286
709,286
800,286
334,287
345,287
370,287
585,287
614,287
761,287
254,288
301,288
453,288
550,288
581,288
742,288
495,289
507,289
511,289
522,289
545,289
622,289
309,290
406,290
575,290
591,290
596,290
654,290
689,290
750,290
773,290
332,291
375,291
422,291
440,291
517,291
572,291
395,292
463,292
539,292
543,292
650,292
735,292
217,293
281,293
287,293
387,293
560,293
578,293
601,293
681,293
264,294
303,294
313,294
360,294
366,294
430,294
503,294
581,294
667,294
758,294
800,294
247,295
434,295
438,295
546,295
610,295
762,295
350,296
488,296
554,296
619,296
641,296
386,297
419,297
457,297
495,297
522,297
656,297
680,297
719,297
375,298
453,298
651,298
765,298
278,299
423,299
433,299
446,299
499,299
534,299
541,299
571,299
505,300
619,300
368,301
426,301
470,301
554,301
564,301
647,301
660,301
272,302
353,302
497,302
524,302
530,302
545,302
582,302
624,302
463,303
549,303
558,303
594,303
255,304
275,304
750,304
223,305
290,305
304,305
343,305
347,305
369,305
416,305
494,305
670,305
699,305
250,306
260,306
330,306
393,306
435,306
500,306
579,306
603,306
754,306
504,307
556,307
563,307
722,307
793,307
269,308
444,308
553,308
731,308
307,309
317,309
497,309
509,309
533,309
559,309
594,309
621,309
637,309
681,309
699,309
748,309
841,309
387,310
538,310
586,310
609,310
376,311
416,311
487,311
520,311
548,311
641,311
648,311
662,311
707,311
732,311
276,312
570,312
605,312
694,312
293,313
362,313
368,313
404,313
411,313
479,313
490,313
514,313
582,313
634,313
665,313
378,314
450,314
466,314
484,314
533,314
575,314
682,314
303,315
399,315
439,315
457,315
494,315
555,315
569,315
596,315
719,315
240,316
592,316
603,316
621,316
732,316
745,316
289,317
369,317
408,317
476,317
489,317
658,317
670,317
297,318
391,318
402,318
555,318
565,318
267,319
344,319
357,319
683,319
316,320
453,320
470,320
521,320
543,320
612,320
637,320
678,320
364,321
386,321
464,321
513,321
559,321
567,321
589,321
703,321
747,321
783,321
394,322
456,322
459,322
517,322
626,322
690,322
281,323
305,323
335,323
383,323
411,323
580,323
719,323
242,324
311,324
395,324
473,324
496,324
619,324
752,324
524,325
578,325
628,325
632,325
763,325
332,326
437,326
464,326
492,326
541,326
745,326
751,326
825,326
298,327
469,327
473,327
536,327
551,327
564,327
614,327
678,327
767,327
254,328
340,328
368,328
384,328
428,328
455,328
579,328
595,328
687,328
695,328
318,329
512,329
573,329
717,329
755,329
433,330
505,330
545,330
637,330
264,331
274,331
314,331
334,331
421,331
496,331
528,331
583,331
624,331
757,331
796,331
477,332
600,332
659,332
709,332
253,333
380,333
489,333
516,333
256,334
445,334
459,334
474,334
557,334
585,334
601,334
619,334
648,334
704,334
746,334
325,335
393,335
528,335
547,335
629,335
655,335
658,335
694,335
281,336
356,336
404,336
485,336
520,336
564,336
311,337
346,337
376,337
379,337
436,337
554,337
629,337
742,337
369,338
452,338
563,338
592,338
722,338
395,339
468,339
579,339
615,339
647,339
713,339
917,339
308,340
444,340
555,340
668,340
688,340
699,340
424,341
481,341
486,341
489,341
536,341
602,341
609,341
729,341
403,342
510,342
550,342
576,342
793,342
352,343
438,343
451,343
498,343
543,343
718,343
285,344
346,344
386,344
467,344
556,344
583,344
601,344
667,344
682,344
790,344
288,345
377,345
740,345
495,346
571,346
619,346
682,346
365,347
405,347
481,347
500,347
545,347
703,347
282,348
386,348
419,348
483,348
512,348
648,348
793,348
275,349
373,349
392,349
535,349
598,349
629,349
655,349
747,349
760,349
768,349
401,350
434,350
454,350
521,350
604,350
634,350
524,351
530,351
558,351
636,351
644,351
411,352
426,352
653,352
307,353
320,353
477,353
718,353
759,353
350,354
382,354
386,354
480,354
502,354
508,354
510,354
593,354
621,354
705,354
749,354
420,355
470,355
495,355
635,355
697,355
433,356
438,356
531,356
538,356
548,356
615,356
755,356
371,357
457,357
660,357
665,357
676,357
770,357
863,357
574,358
628,358
653,358
685,358
711,358
295,359
348,359
426,359
550,359
556,359
592,359
609,359
640,359
691,359
726,359
398,360
417,360
449,360
482,360
596,360
644,360
658,360
318,361
331,361
394,361
570,361
617,361
676,361
284,362
355,362
443,362
499,362
561,362
682,362
326,363
409,363
439,363
453,363
474,363
504,363
613,363
694,363
708,363
329,364
340,364
373,364
464,364
484,364
494,364
510,364
546,364
576,364
604,364
678,364
702,364
754,364
364,365
522,365
586,365
623,365
649,365
656,365
437,366
579,366
699,366
722,366
287,367
298,367
343,367
357,367
493,367
608,367
662,367
762,367
269,368
310,368
316,368
380,368
681,368
775,368
403,369
455,369
534,369
669,369
689,369
330,370
417,370
471,370
529,370
541,370
714,370
736,370
769,370
367,371
409,371
428,371
447,371
549,371
562,371
583,371
639,371
297,372
308,372
362,372
386,372
457,372
468,372
629,372
652,372
682,372
703,372
805,372
401,373
416,373
589,373
613,373
665,373
707,373
745,373
761,373
290,374
357,374
371,374
488,374
506,374
546,374
444,375
553,375
608,375
617,375
685,375
734,375
784,375
787,375
300,376
308,376
365,376
503,376
644,376
326,377
507,377
693,377
330,378
420,378
492,378
533,378
604,378
677,378
310,379
348,379
359,379
433,379
453,379
468,379
485,379
537,379
364,380
381,380
385,380
429,380
544,380
626,380
730,380
308,381
324,381
354,381
392,381
473,381
645,381
746,381
316,382
335,382
442,382
494,382
526,382
566,382
616,382
636,382
664,382
706,382
726,382
753,382
768,382
781,382
450,383
463,383
487,383
581,383
630,383
773,383
348,384
381,384
395,384
435,384
446,384
479,384
503,384
522,384
570,384
642,384
727,384
737,384
784,384
384,385
470,385
831,385
356,386
422,386
513,386
612,386
628,386
656,386
686,386
718,386
359,387
376,387
414,387
456,387
488,387
509,387
556,387
633,387
793,387
403,388
453,388
463,388
541,388
731,388
310,389
323,389
562,389
567,389
766,389
787,389
427,390
451,390
591,390
663,390
668,390
690,390
749,390
465,391
499,391
522,391
582,391
621,391
642,391
770,391
802,391
863,391
353,392
375,392
434,392
745,392
844,392
316,393
428,393
557,393
573,393
595,393
617,393
634,393
409,394
487,394
568,394
514,395
533,395
544,395
612,395
656,395
674,395
728,395
753,395
775,395
794,395
325,396
352,396
418,396
518,396
571,396
741,396
763,396
362,397
380,397
404,397
460,397
468,397
474,397
529,397
601,397
607,397
629,397
652,397
699,397
345,398
359,398
455,398
505,398
523,398
635,398
484,399
491,399
574,399
710,399
723,399
535,400
623,400
887,400
349,401
480,401
555,401
663,401
364,402
425,402
453,402
669,402
513,403
551,403
566,403
607,403
618,403
717,403
732,403
773,403
334,404
384,404
409,404
412,404
536,404
630,404
649,404
382,405
443,405
545,405
549,405
557,405
587,405
742,405
459,406
483,406
488,406
495,406
656,406
679,406
690,406
763,406
347,407
365,407
401,407
473,407
504,407
541,407
618,407
637,407
694,407
789,407
414,408
463,408
466,408
567,408
645,408
665,408
705,408
720,408
420,409
453,409
507,409
781,409
529,410
579,410
582,410
626,410
647,410
661,410
358,411
381,411
677,411
365,412
403,412
435,412
498,412
599,412
737,412
502,413
730,413
742,413
758,413
798,413
344,414
405,414
451,414
770,414
807,414
352,415
444,415
492,415
543,415
669,415
792,415
487,416
509,416
538,416
572,416
594,416
650,416
682,416
702,416
359,417
369,417
397,417
422,417
707,417
720,417
727,417
414,418
478,418
558,418
613,418
646,418
746,418
425,419
512,419
672,419
360,420
381,420
404,420
453,420
536,420
606,420
660,420
495,421
569,421
615,421
626,421
680,421
753,421
528,422
551,422
578,422
687,422
420,423
437,423
666,423
499,424
540,424
622,424
653,424
662,424
669,424
722,424
461,425
523,425
585,425
635,425
747,425
480,426
505,426
510,426
561,426
711,426
742,426
776,426
368,427
530,427
570,427
736,427
784,427
836,427
596,428
613,428
652,428
685,428
699,428
417,429
454,430
479,430
607,430
669,430
674,430
706,430
469,431
508,431
525,431
640,431
677,431
766,431
504,432
684,432
722,432
749,432
813,432
445,433
450,433
486,433
544,433
625,433
735,433
772,433
427,434
433,434
436,434
504,434
558,434
584,434
596,434
633,434
730,434
400,435
492,435
605,435
532,436
618,436
727,436
756,436
773,436
671,437
489,438
662,438
677,438
684,438
739,438
799,438
460,439
472,439
506,439
534,439
558,439
688,439
423,440
527,440
574,440
581,440
696,440
722,440
404,441
408,441
427,441
439,441
487,441
565,441
701,441
709,441
736,441
416,442
464,442
538,442
569,442
450,443
600,443
729,443
436,444
456,444
514,444
525,444
621,444
633,444
391,445
399,445
429,445
482,445
501,445
519,445
586,445
639,445
656,445
741,445
670,446
686,446
714,446
423,447
508,447
566,447
489,448
494,448
383,449
457,449
473,449
469,450
513,450
543,450
630,450
685,450
575,451
607,451
627,451
396,452
416,452
438,452
488,452
503,452
515,452
614,452
644,452
653,452
403,453
476,453
566,453
675,453
449,454
621,454
387,455
400,455
418,455
529,455
577,455
663,455
681,455
428,456
457,456
467,456
502,456
559,456
609,456
648,456
658,456
536,457
565,457
587,457
642,457
701,457
495,458
665,458
696,458
501,459
610,459
716,459
456,460
553,460
602,460
680,460
714,460
420,461
470,461
515,461
449,462
478,462
488,462
568,462
636,462
402,463
409,463
464,463
531,463
549,464
628,464
671,464
704,464
425,465
490,465
544,465
692,465
432,466
448,466
480,466
515,466
583,466
645,466
676,466
697,466
410,467
541,467
571,467
455,468
588,468
681,468
494,469
605,469
620,469
527,470
592,470
644,470
648,470
694,470
410,471
434,471
660,471
677,471
424,472
458,472
465,472
477,472
572,472
502,473
540,473
612,473
662,473
420,474
460,474
658,474
434,475
471,475
495,475
564,475
570,475
607,475
443,476
450,476
533,476
538,476
557,476
639,476
662,476
408,478
437,478
502,478
520,478
552,478
654,478
690,478
452,480
471,480
625,480
644,480
648,480
486,481
572,481
675,481
690,481
438,482
519,482
534,482
539,482
550,482
605,482
494,483
547,483
696,483
396,484
421,484
441,484
470,484
576,484
405,485
617,485
691,485
426,486
501,486
677,486
478,487
561,487
591,487
395,488
420,488
569,488
577,488
700,488
490,489
514,489
547,489
586,490
628,490
643,490
678,490
684,490
718,490
417,491
426,491
477,491
671,491
531,492
559,492
562,492
606,493
639,494
717,494
703,495
480,496
483,496
591,496
597,496
727,496
500,497
513,497
519,497
532,497
545,497
654,497
506,498
552,498
561,498
608,498
619,498
734,498
412,499
632,499
701,499
544,500
566,500
667,500
728,500
501,501
537,501
576,501
649,501
708,501
438,502
583,502
614,502
642,503
702,503
739,503
572,504
628,504
694,504
732,504
586,505
691,505
722,505
437,506
662,506
414,507
421,507
442,507
481,507
486,507
511,507
539,507
622,507
722,507
499,508
558,508
590,508
639,508
669,508
675,508
728,508
340,509
442,509
465,509
469,509
523,509
530,509
553,509
403,510
652,510
436,511
489,511
586,511
609,511
623,511
745,511
343,512
439,512
525,512
534,512
733,512
503,513
724,513
341,514
539,514
671,514
496,515
519,515
567,515
592,515
645,515
686,515
697,515
329,516
464,516
625,516
679,516
713,516
729,516
756,516
531,517
620,517
336,518
515,518
539,518
676,518
722,518
380,519
421,519
463,519
548,519
564,520
585,520
602,520
650,520
706,520
750,520
500,521
557,521
658,521
678,521
729,521
323,522
485,522
505,522
620,522
746,522
372,523
427,523
478,523
596,523
634,523
764,523
492,524
695,524
699,524
313,525
333,525
431,525
501,525
514,525
680,525
732,525
338,526
371,526
465,526
533,526
542,526
617,526
743,526
752,526
315,527
401,527
509,527
643,527
686,527
706,527
477,528
598,528
679,528
301,529
560,529
586,529
692,529
379,530
635,530
669,530
427,531
725,531
734,531
738,531
299,532
342,532
452,532
501,532
629,532
678,532
681,532
750,532
399,533
417,533
429,533
466,533
579,533
606,533
614,533
671,533
718,533
753,533
768,533
396,534
445,534
511,534
530,534
593,534
759,534
433,535
582,535
285,536
289,536
303,536
370,536
522,536
551,536
693,536
710,536
409,537
421,537
493,537
620,537
665,537
478,538
499,538
547,538
561,538
642,538
657,538
379,539
502,539
541,539
767,539
297,540
324,540
459,540
518,540
529,540
634,540
673,540
688,540
729,540
484,541
691,541
340,542
347,542
397,542
557,542
561,542
584,542
609,542
742,542
383,543
432,543
446,543
493,543
667,543
771,543
268,544
279,544
317,544
353,544
360,544
513,544
573,544
605,544
663,544
716,544
779,544
308,545
530,545
556,545
679,545
700,545
760,545
293,546
298,546
605,546
706,546
734,546
790,546
276,547
399,547
404,547
427,547
475,547
499,547
564,547
619,547
724,547
531,548
536,548
676,548
333,549
393,549
512,549
552,549
575,549
255,550
268,550
493,550
559,550
638,550
665,550
415,551
608,551
634,551
694,551
718,551
740,551
282,552
461,552
539,552
570,552
602,552
620,552
626,552
647,552
670,552
247,553
349,553
365,553
400,553
477,553
513,553
596,553
261,554
342,554
370,554
442,554
521,554
545,554
584,554
226,555
254,555
296,555
317,555
492,555
499,555
707,555
747,555
765,555
794,555
426,556
506,556
591,556
246,557
276,557
312,557
322,557
463,557
695,557
714,557
723,557
754,558
776,558
339,559
361,559
391,559
547,559
558,559
643,559
673,559
689,559
732,559
219,560
238,560
376,560
424,560
512,560
665,560
736,560
760,560
797,560
316,561
322,561
406,561
419,561
429,561
509,561
585,561
609,561
660,561
697,561
298,562
309,562
540,562
713,562
725,562
742,562
284,563
349,563
436,563
466,563
563,563
579,563
593,563
617,563
731,563
234,564
258,564
425,564
570,564
680,564
786,564
325,565
383,565
474,565
558,565
802,565
238,566
317,566
398,566
484,566
545,566
698,566
727,566
770,566
307,567
358,567
268,568
293,568
537,568
588,568
642,568
680,568
683,568
703,568
206,569
215,569
353,569
371,569
461,569
469,569
575,569
624,569
630,569
792,569
223,570
456,570
528,570
579,570
689,570
712,570
249,571
325,571
417,571
421,571
494,571
598,571
653,571
660,571
760,571
282,572
351,572
405,572
409,572
612,572
731,572
234,573
307,573
528,573
536,573
562,573
574,573
797,573
279,574
417,574
433,574
466,574
499,574
516,574
725,574
275,575
288,575
375,575
459,575
623,575
633,575
694,575
719,575
206,576
366,576
486,576
509,576
535,576
546,576
673,576
778,576
793,576
193,577
255,577
406,577
528,577
553,577
579,577
678,577
715,577
741,577
760,577
764,577
333,578
634,578
707,578
816,578
230,579
369,579
447,579
615,579
731,579
352,580
382,580
419,580
434,580
452,580
545,580
597,580
769,580
303,581
310,581
360,581
393,581
506,581
643,581
664,581
775,581
805,581
495,582
590,582
703,582
707,582
725,582
274,583
294,583
298,583
651,583
680,583
250,584
352,584
390,584
410,584
428,584
509,584
532,584
694,584
711,584
317,585
393,585
402,585
486,585
502,585
629,585
660,585
798,585
267,586
449,586
699,586
223,587
526,587
557,587
578,587
620,587
757,587
767,587
239,588
337,588
347,588
569,588
592,588
724,588
792,588
801,588
287,589
374,589
418,589
553,589
607,589
619,589
638,589
731,589
677,590
472,591
548,591
559,591
259,592
358,592
382,592
505,592
251,593
421,593
532,593
541,593
591,593
368,594
409,594
444,594
621,594
627,594
643,594
707,594
220,595
507,595
534,595
635,595
779,595
208,596
344,596
364,596
404,596
439,596
457,596
586,596
590,596
744,596
377,597
418,597
425,597
606,597
634,597
668,597
752,597
819,597
246,598
349,598
520,598
523,598
542,598
768,598
812,598
294,599
357,599
387,599
548,599
555,599
581,599
593,599
614,599
645,599
649,599
736,599
461,600
563,600
689,600
784,600
217,601
224,601
585,601
656,601
763,601
248,602
343,602
511,602
591,602
625,602
281,603
373,603
446,603
467,603
535,603
544,603
605,603
630,603
706,603
748,603
314,604
333,604
396,604
425,604
582,604
722,604
172,605
260,605
378,605
554,605
562,605
611,605
225,606
359,606
418,606
180,607
203,607
292,607
404,607
523,607
695,607
746,607
241,608
313,608
436,608
590,608
617,608
671,608
163,609
245,609
284,609
335,609
347,609
654,609
704,609
323,610
419,610
421,610
441,610
523,610
559,610
613,610
642,610
179,611
367,611
517,611
680,611
293,612
309,612
329,612
413,612
812,612
241,613
268,613
418,613
437,613
555,613
565,613
252,614
349,614
694,614
752,614
232,615
246,615
304,615
321,615
361,615
436,615
461,615
545,615
592,615
636,615
241,616
512,616
583,616
739,616
338,617
559,617
697,617
296,618
573,618
614,618
706,618
179,619
286,619
381,619
548,619
604,619
625,619
720,619
764,619
807,619
253,620
485,620
543,620
641,620
705,620
361,621
398,621
409,621
481,621
494,621
675,621
205,622
328,622
334,622
351,622
433,622
454,622
528,622
587,622
568,623
619,623
156,624
221,624
366,624
615,624
649,624
682,624
766,624
267,625
306,625
420,625
515,625
543,625
557,625
575,625
594,625
754,625
317,626
379,626
744,626
168,627
240,627
660,627
738,627
790,627
153,628
186,628
297,628
584,628
626,628
171,629
205,629
292,629
371,629
161,630
310,630
350,630
367,630
522,630
532,630
650,630
228,631
250,631
327,631
361,631
392,631
408,631
538,631
556,631
772,631
195,632
347,632
419,632
449,632
598,632
602,632
221,633
234,633
551,633
589,633
625,633
763,633
803,633
230,634
652,634
794,634
155,635
186,635
211,635
275,635
294,635
433,635
544,635
565,635
316,636
415,636
442,636
459,636
532,636
172,637
392,637
420,637
463,637
685,637
153,638
237,638
285,638
362,638
397,638
412,638
523,638
554,638
453,639
473,639
500,639
528,639
597,639
707,639
763,639
157,640
226,640
246,640
626,640
787,640
338,641
343,641
536,641
150,642
197,642
233,642
434,642
486,642
713,642
766,642
152,643
347,643
521,643
564,643
634,643
662,643
209,644
254,644
271,644
299,644
492,644
558,644
675,644
179,645
241,645
459,645
576,645
707,645
788,645
157,646
161,646
184,646
228,646
319,646
383,646
393,646
461,646
483,646
506,646
599,646
609,646
697,646
732,646
219,647
444,647
526,647
603,647
189,648
195,648
212,648
436,648
510,648
588,648
623,648
755,648
259,649
292,649
409,649
544,649
631,649
727,649
771,649
325,650
403,650
523,650
742,650
793,650
315,651
476,651
549,651
701,651
439,652
500,652
227,653
368,653
563,653
573,653
586,653
645,653
691,653
788,653
348,654
390,654
429,654
483,654
609,654
625,654
665,654
755,654
162,655
527,655
582,655
219,656
412,656
603,656
803,656
206,657
261,657
421,657
556,657
714,657
155,658
427,658
440,658
474,658
533,658
542,658
777,658
458,659
501,659
551,659
625,659
697,659
765,659
357,660
370,660
578,660
730,660
135,661
224,661
344,661
532,661
546,661
639,661
655,661
758,661
331,662
462,662
496,662
599,662
602,662
737,662
747,662
775,662
410,663
587,663
621,663
165,664
416,664
456,664
483,664
634,664
652,664
795,664
324,665
449,665
565,665
663,665
226,666
537,666
601,666
641,666
667,666
764,666
544,667
577,667
197,668
378,668
398,668
456,668
460,668
204,670
236,670
515,670
593,670
646,670
529,671
611,671
745,671
765,671
786,671
353,672
366,672
507,672
518,672
524,672
329,673
358,673
434,673
560,673
567,673
579,673
615,673
630,673
160,674
484,674
492,674
677,674
375,675
398,675
458,675
722,675
337,676
465,676
500,676
650,676
704,676
505,677
621,677
673,677
779,677
794,677
147,678
267,678
389,678
415,678
128,679
306,679
350,679
358,679
365,679
547,679
718,679
408,680
485,680
528,680
556,680
640,680
654,680
689,680
855,680
502,681
544,681
161,682
176,682
462,682
548,682
673,682
207,683
424,683
475,683
523,683
591,683
797,683
125,684
431,684
455,684
602,684
706,684
737,684
764,684
313,685
154,686
242,686
650,686
451,687
464,687
504,687
510,687
529,687
548,687
560,687
566,687
583,687
647,687
665,687
758,687
203,688
400,688
497,688
630,688
126,689
174,689
371,689
383,689
472,689
509,689
603,689
780,689
90,690
267,690
480,690
516,690
571,690
501,691
535,691
552,691
248,692
276,692
360,692
487,692
572,692
686,692
730,692
315,693
418,693
545,693
284,694
413,694
464,694
561,694
612,694
634,694
646,694
140,695
273,695
471,695
621,695
698,695
233,696
449,696
514,696
590,696
674,696
743,696
769,696
116,697
122,697
188,697
241,697
419,697
755,697
226,698
269,698
326,698
537,698
638,698
174,699
484,699
499,699
550,699
557,699
578,699
406,700
410,700
492,700
510,700
622,700
657,700
725,700
368,701
516,701
530,701
675,701
694,701
378,702
543,702
563,702
823,702
327,703
456,703
341,704
488,704
497,704
118,705
220,705
347,705
413,705
528,705
586,705
651,705
177,706
471,706
553,706
610,706
625,706
111,707
465,707
510,707
567,707
596,707
106,708
359,708
363,708
453,708
460,708
533,708
602,708
775,708
792,709
318,710
342,710
502,710
578,710
151,711
296,711
509,711
552,711
644,711
129,712
214,712
370,712
377,712
424,712
476,712
526,712
557,712
592,712
638,712
771,712
437,713
451,713
631,713
107,714
111,714
468,714
516,714
547,714
571,714
579,714
657,714
763,715
354,716
520,716
799,716
872,716
197,717
312,717
526,717
530,717
541,717
565,717
599,717
456,718
481,718
533,718
587,718
624,718
98,719
132,719
436,719
516,719
553,719
578,719
664,719
230,720
321,720
362,720
376,720
490,720
521,720
886,720
95,721
138,721
502,721
549,721
621,721
109,723
327,723
426,723
468,723
572,723
586,723
643,723
352,724
382,724
449,724
478,724
510,724
647,724
121,725
517,725
582,725
607,725
716,725
142,726
208,726
361,726
381,726
455,726
93,727
573,727
597,727
116,728
482,728
493,728
527,728
589,728
193,729
332,729
394,729
468,729
506,729
565,729
530,730
560,730
579,730
834,730
174,731
287,731
311,731
406,731
465,731
516,731
477,732
635,732
138,733
488,733
523,733
541,733
623,733
659,733
761,733
159,734
441,734
537,734
547,734
127,735
146,735
297,735
389,735
402,735
452,735
615,735
634,735
686,735
737,735
326,736
436,736
444,736
588,736
85,737
98,737
257,737
282,737
355,737
516,737
526,737
623,737
626,737
159,738
245,738
363,738
480,738
550,738
579,738
76,739
113,739
217,739
349,739
416,739
494,739
502,739
563,739
489,740
621,740
689,740
84,741
389,741
607,741
272,742
400,742
438,742
461,742
519,742
555,742
634,742
69,743
138,743
443,743
449,743
453,743
487,743
611,743
685,743
467,744
537,744
348,745
482,745
527,745
532,745
588,745
599,745
97,746
106,746
210,746
336,746
380,746
411,746
500,746
513,746
571,746
110,747
146,747
183,747
332,747
476,747
568,747
585,747
74,748
434,748
519,748
550,748
388,749
165,750
288,750
579,750
106,751
329,751
404,751
535,751
159,752
266,752
377,752
484,752
516,752
555,752
581,752
615,752
668,752
323,753
415,753
527,753
567,753
599,753
80,754
87,754
271,754
356,754
419,754
499,754
607,754
71,755
187,755
316,755
339,755
391,755
547,755
656,755
85,756
137,756
635,756
370,757
444,757
449,757
499,757
584,757
101,758
190,758
471,758
482,758
516,758
621,758
111,759
282,759
289,759
305,759
405,759
579,759
57,760
85,760
167,760
271,760
468,760
525,760
604,760
52,761
184,761
365,761
457,761
117,762
345,762
488,762
534,762
597,762
221,763
437,763
449,763
461,763
545,763
626,763
705,763
322,764
384,764
317,765
408,765
529,765
44,766
373,766
537,766
580,766
478,767
504,767
573,767
666,767
323,768
402,768
416,768
460,768
494,768
512,768
73,769
150,769
313,769
376,769
730,769
122,770
191,770
305,770
348,770
521,770
625,770
84,771
237,771
446,771
539,772
554,772
583,772
612,772
331,773
384,773
402,773
452,773
460,773
41,774
295,774
485,774
507,774
514,774
563,774
575,774
72,775
103,775
268,775
326,775
118,776
222,776
338,776
353,776
498,776
526,776
115,777
290,777
74,778
242,778
347,778
46,779
57,779
207,779
300,779
447,779
484,779
540,780
547,780
572,780
593,780
98,781
319,781
380,781
425,781
456,781
522,781
537,781
581,781
600,781
705,781
80,782
308,782
609,782
471,783
714,783
423,784
512,784
367,785
433,786
477,786
523,786
340,787
396,787
448,787
459,787
501,787
37,788
266,788
325,788
355,788
525,788
301,789
537,789
551,789
599,789
688,789
115,790
623,790
419,791
575,791
751,791
325,792
49,793
78,793
301,793
433,793
254,794
364,794
452,794
469,794
481,794
629,794
72,795
107,795
543,795
548,795
725,795
170,796
240,796
285,796
334,796
504,796
515,796
52,797
346,797
424,797
497,797
536,797
769,797
190,798
492,798
743,798
61,799
98,799
480,799
556,799
564,799
590,799
282,800
321,800
360,800
366,800
519,800
748,800
163,801
751,801
253,802
382,802
450,802
486,802
373,803
434,804
492,804
543,804
698,804
580,805
303,806
338,806
517,806
547,806
706,806
206,807
466,807
526,807
734,807
823,807
252,809
436,809
506,809
545,809
83,810
199,810
376,810
292,811
390,811
456,811
79,812
368,812
528,812
585,812
828,812
481,813
517,813
349,814
430,814
512,814
176,815
211,815
222,815
280,815
415,816
63,817
213,817
223,817
300,817
431,817
553,817
93,818
322,818
440,818
516,818
657,819
77,820
244,820
340,820
451,821
173,822
302,822
317,822
375,822
560,822
695,822
289,823
632,823
645,823
782,823
85,824
109,824
270,824
388,824
468,824
473,824
156,825
207,826
536,826
669,826
764,826
440,827
235,828
402,828
455,828
547,828
93,829
132,829
366,829
413,830
423,830
518,830
541,830
506,831
109,832
388,832
434,832
468,832
254,833
311,833
522,833
104,834
352,834
201,835
284,835
420,835
214,836
334,836
369,836
153,837
274,837
173,838
440,838
515,838
582,838
181,839
229,839
242,839
311,839
545,839
133,840
245,840
302,840
318,841
504,841
144,842
433,842
496,842
408,843
122,844
102,845
226,845
234,845
303,845
330,845
139,846
545,846
214,847
376,847
582,847
314,848
343,848
407,848
649,848
497,849
669,849
107,850
209,850
436,851
736,851
228,852
478,852
270,853
311,853
373,853
351,854
395,854
339,855
360,857
568,857
158,858
167,858
348,858
405,858
422,858
141,859
277,859
293,859
197,860
281,860
328,860
678,860
238,861
166,862
488,862
179,863
186,863
302,863
350,863
427,863
233,864
247,864
257,864
375,864
140,865
195,866
354,866
316,867
370,867
406,867
198,868
207,868
332,868
220,869
263,869
381,869
644,869
175,870
463,870
467,870
131,872
182,872
158,873
267,873
192,875
296,875
321,875
407,876
435,876
147,877
351,878
739,878
314,879
446,879
171,880
262,881
359,881
424,881
616,881
469,883
213,884
304,884
240,885
376,885
168,886
181,886
195,886
334,886
402,886
228,888
274,888
355,888
768,888
255,889
211,890
436,892
298,893
344,893
495,893
290,894
422,894
236,896
274,896
400,896
646,896
265,897
306,897
474,898
504,898
244,899
364,899
386,899
268,900
206,901
331,902
252,904
373,904
440,904
214,905
429,905
229,906
306,906
444,906
381,907
227,908
331,908
204,909
267,909
275,910
320,910
291,915
276,916
349,916
368,917
392,917
403,917
242,918
264,918
662,918
229,919
314,919
351,919
209,920
301,920
290,925
283,926
318,926
294,928
422,931
262,933
245,934
275,934
312,934
300,935
318,935
351,935
231,937
256,940
374,940
695,943
263,946
355,947
280,948
344,949
352,952
374,953
335,955
422,956
404,957
683,957
375,958
438,959
334,960
396,961
302,963
430,971
324,974
336,974
379,974
425,976
354,979
330,980
356,989
389,996
422,1000
365,1001
427,1012
